TRINITY_DN56_c0_g1_i53,MH267693.1,96.906,8435,258,1,1541,9975,8432,1,0.0,14034
TRINITY_DN56_c0_g1_i53,MH267693.1,88.462,52,6,0,9731,9782,76,25,2.96e-05,68.0
TRINITY_DN56_c0_g1_i53,MH267693.1,88.462,52,6,0,9900,9951,245,194,2.96e-05,68.0
TRINITY_DN56_c0_g1_i53,MH267694.1,96.840,8449,256,3,1545,9982,8454,6,0.0,14030
TRINITY_DN56_c0_g1_i53,MH267694.1,88.462,52,6,0,9731,9782,88,37,2.96e-05,68.0
TRINITY_DN56_c0_g1_i53,MH267694.1,86.792,53,6,1,9900,9951,259,207,0.004,61.7
TRINITY_DN56_c0_g1_i53,MT636341.1,96.823,8435,265,1,1541,9975,8432,1,0.0,14002
TRINITY_DN56_c0_g1_i53,MT636341.1,88.462,52,6,0,9731,9782,76,25,2.96e-05,68.0
TRINITY_DN56_c0_g1_i53,MT636341.1,88.462,52,6,0,9900,9951,245,194,2.96e-05,68.0
TRINITY_DN56_c0_g1_i53,MT636339.1,96.775,8434,269,1,1541,9974,8432,2,0.0,13982
TRINITY_DN56_c0_g1_i53,MT636339.1,88.462,52,6,0,9731,9782,76,25,2.96e-05,68.0
TRINITY_DN56_c0_g1_i53,MT636339.1,88.462,52,6,0,9900,9951,245,194,2.96e-05,68.0
TRINITY_DN56_c0_g1_i53,MT636342.1,96.728,8435,273,1,1541,9975,8432,1,0.0,13966
TRINITY_DN56_c0_g1_i53,MT636342.1,88.462,52,6,0,9731,9782,76,25,2.96e-05,68.0
TRINITY_DN56_c0_g1_i53,MT636342.1,88.462,52,6,0,9900,9951,245,194,2.96e-05,68.0
TRINITY_DN56_c0_g1_i53,MT636343.1,96.716,8435,274,1,1541,9975,8432,1,0.0,13962
TRINITY_DN56_c0_g1_i53,MT636343.1,88.462,52,6,0,9731,9782,76,25,2.96e-05,68.0
TRINITY_DN56_c0_g1_i53,MT636343.1,88.462,52,6,0,9900,9951,245,194,2.96e-05,68.0
TRINITY_DN56_c0_g1_i53,MT636345.1,96.692,8435,276,1,1541,9975,8432,1,0.0,13953
TRINITY_DN56_c0_g1_i53,MT636345.1,88.462,52,6,0,9731,9782,76,25,2.96e-05,68.0
TRINITY_DN56_c0_g1_i53,MT636345.1,84.615,52,8,0,9900,9951,245,194,0.015,59.0
TRINITY_DN56_c0_g1_i53,MT636338.1,96.692,8435,276,1,1541,9975,8432,1,0.0,13953
TRINITY_DN56_c0_g1_i53,MT636338.1,88.462,52,6,0,9731,9782,76,25,2.96e-05,68.0
TRINITY_DN56_c0_g1_i53,MT636338.1,88.462,52,6,0,9900,9951,245,194,2.96e-05,68.0
TRINITY_DN56_c0_g1_i53,MT636337.1,96.692,8435,276,1,1541,9975,8432,1,0.0,13953
TRINITY_DN56_c0_g1_i53,MT636337.1,88.462,52,6,0,9731,9782,76,25,2.96e-05,68.0
TRINITY_DN56_c0_g1_i53,MT636337.1,88.462,52,6,0,9900,9951,245,194,2.96e-05,68.0
TRINITY_DN56_c0_g1_i53,MT636344.1,96.645,8435,280,1,1541,9975,8432,1,0.0,13935
TRINITY_DN56_c0_g1_i53,MT636344.1,88.462,52,6,0,9731,9782,76,25,2.96e-05,68.0
TRINITY_DN56_c0_g1_i53,MT636344.1,88.462,52,6,0,9900,9951,245,194,2.96e-05,68.0
TRINITY_DN56_c0_g1_i53,MT636346.1,96.598,8435,284,1,1541,9975,8432,1,0.0,13916
TRINITY_DN56_c0_g1_i53,MT636346.1,88.462,52,6,0,9731,9782,76,25,2.96e-05,68.0
TRINITY_DN56_c0_g1_i53,MT636346.1,88.462,52,6,0,9900,9951,245,194,2.96e-05,68.0
TRINITY_DN56_c0_g1_i53,MT636340.1,96.574,8435,286,1,1541,9975,8432,1,0.0,13907
TRINITY_DN56_c0_g1_i53,MT636340.1,88.462,52,6,0,9731,9782,76,25,2.96e-05,68.0
TRINITY_DN56_c0_g1_i53,MT636340.1,88.462,52,6,0,9900,9951,245,194,2.96e-05,68.0
TRINITY_DN56_c0_g1_i53,MT482475.1,94.665,8473,452,0,1509,9981,8488,16,0.0,13243
TRINITY_DN56_c0_g1_i53,MT482475.1,88.462,52,6,0,9900,9951,266,215,2.96e-05,68.0
TRINITY_DN56_c0_g1_i53,MT482475.1,86.538,52,7,0,9731,9782,97,46,0.001,63.5
TRINITY_DN56_c0_g1_i53,MT482476.1,94.341,8412,476,0,1527,9938,8412,1,0.0,13025
TRINITY_DN56_c0_g1_i53,MT482476.1,88.462,52,6,0,9900,9951,208,157,2.96e-05,68.0
TRINITY_DN56_c0_g1_i53,MZ821802.1,93.579,8457,542,1,1522,9977,8457,1,0.0,12804
TRINITY_DN56_c0_g1_i53,MZ821802.1,88.462,52,6,0,9731,9782,78,27,2.96e-05,68.0
TRINITY_DN56_c0_g1_i53,MZ821802.1,88.462,52,6,0,9900,9951,247,196,2.96e-05,68.0
TRINITY_DN56_c0_g1_i53,KY243932.1,92.832,8524,522,13,1525,9982,8511,11,0.0,12640
TRINITY_DN56_c0_g1_i53,KY243932.1,92.857,56,4,0,8803,8858,1178,1233,3.85e-10,84.2
TRINITY_DN56_c0_g1_i53,KY243932.1,88.462,52,6,0,9731,9782,93,42,2.96e-05,68.0
TRINITY_DN56_c0_g1_i53,KY243932.1,88.462,52,6,0,9900,9951,262,211,2.96e-05,68.0
TRINITY_DN56_c0_g1_i53,MT096521.1,92.877,8438,598,1,1545,9982,8436,2,0.0,12506
TRINITY_DN56_c0_g1_i53,MT096521.1,88.462,52,6,0,9731,9782,84,33,2.96e-05,68.0
TRINITY_DN56_c0_g1_i53,MT096521.1,88.462,52,6,0,9900,9951,253,202,2.96e-05,68.0
TRINITY_DN56_c0_g1_i53,MW390818.1,92.123,8430,664,0,1506,9935,8430,1,0.0,12334
TRINITY_DN56_c0_g1_i53,MW390818.1,88.462,52,6,0,9900,9951,205,154,2.96e-05,68.0
TRINITY_DN56_c0_g1_i53,OL803818.1,92.253,8468,654,2,1515,9981,8467,1,0.0,12307
TRINITY_DN56_c0_g1_i53,OL803818.1,88.462,52,6,0,9731,9782,82,31,2.96e-05,68.0
TRINITY_DN56_c0_g1_i53,OL803818.1,86.538,52,7,0,9900,9951,251,200,0.001,63.5
TRINITY_DN56_c0_g1_i53,MN565034.1,92.091,8459,668,1,1525,9982,8464,6,0.0,12259
TRINITY_DN56_c0_g1_i53,MN565034.1,88.462,52,6,0,9900,9951,257,206,2.96e-05,68.0
TRINITY_DN56_c0_g1_i53,MT416539.1,91.961,8459,678,2,1525,9982,8458,1,0.0,12183
TRINITY_DN56_c0_g1_i53,MT416539.1,88.462,52,6,0,9731,9782,83,32,2.96e-05,68.0
TRINITY_DN56_c0_g1_i53,MT416539.1,88.462,52,6,0,9900,9951,252,201,2.96e-05,68.0
TRINITY_DN56_c0_g1_i53,MZ821810.1,91.825,8453,689,2,1528,9979,8452,1,0.0,12122
TRINITY_DN56_c0_g1_i53,MZ821810.1,88.462,52,6,0,9731,9782,80,29,2.96e-05,68.0
TRINITY_DN56_c0_g1_i53,MZ821810.1,86.538,52,7,0,9900,9951,249,198,0.001,63.5
TRINITY_DN56_c0_g1_i53,MZ821809.1,91.758,8457,695,2,1522,9977,8456,1,0.0,12102
TRINITY_DN56_c0_g1_i53,MZ821809.1,88.462,52,6,0,9731,9782,78,27,2.96e-05,68.0
TRINITY_DN56_c0_g1_i53,MZ821809.1,88.462,52,6,0,9900,9951,247,196,2.96e-05,68.0
TRINITY_DN56_c0_g1_i53,MZ821814.1,91.746,8456,696,2,1523,9977,8455,1,0.0,12096
TRINITY_DN56_c0_g1_i53,MZ821814.1,88.462,52,6,0,9731,9782,78,27,2.96e-05,68.0
TRINITY_DN56_c0_g1_i53,MZ821814.1,88.462,52,6,0,9900,9951,247,196,2.96e-05,68.0
TRINITY_DN56_c0_g1_i53,MZ821803.1,91.645,8450,704,2,1529,9977,8449,1,0.0,12058
TRINITY_DN56_c0_g1_i53,MZ821803.1,88.462,52,6,0,9731,9782,78,27,2.96e-05,68.0
TRINITY_DN56_c0_g1_i53,MZ821803.1,86.538,52,7,0,9900,9951,247,196,0.001,63.5
TRINITY_DN56_c0_g1_i53,KY741959.1,91.683,8441,700,2,1525,9964,8440,1,0.0,12051
TRINITY_DN56_c0_g1_i53,KY741959.1,88.462,52,6,0,9731,9782,65,14,2.96e-05,68.0
TRINITY_DN56_c0_g1_i53,KY741959.1,88.462,52,6,0,9900,9951,234,183,2.96e-05,68.0
TRINITY_DN56_c0_g1_i53,MZ821815.1,91.583,8459,710,2,1523,9980,8458,1,0.0,12038
TRINITY_DN56_c0_g1_i53,MZ821815.1,88.462,52,6,0,9731,9782,81,30,2.96e-05,68.0
TRINITY_DN56_c0_g1_i53,MZ821815.1,88.462,52,6,0,9900,9951,250,199,2.96e-05,68.0
TRINITY_DN56_c0_g1_i53,MZ821807.1,91.610,8451,707,2,1528,9977,8450,1,0.0,12037
TRINITY_DN56_c0_g1_i53,MZ821807.1,88.462,52,6,0,9731,9782,78,27,2.96e-05,68.0
TRINITY_DN56_c0_g1_i53,MZ821807.1,88.462,52,6,0,9900,9951,247,196,2.96e-05,68.0
TRINITY_DN56_c0_g1_i53,MZ821808.1,91.551,8451,712,2,1528,9977,8450,1,0.0,12017
TRINITY_DN56_c0_g1_i53,MZ821808.1,88.462,52,6,0,9731,9782,78,27,2.96e-05,68.0
TRINITY_DN56_c0_g1_i53,MZ821808.1,88.462,52,6,0,9900,9951,247,196,2.96e-05,68.0
TRINITY_DN56_c0_g1_i53,MZ821811.1,91.438,8456,722,2,1523,9977,8455,1,0.0,11979
TRINITY_DN56_c0_g1_i53,MZ821811.1,88.462,52,6,0,9731,9782,78,27,2.96e-05,68.0
TRINITY_DN56_c0_g1_i53,MZ821811.1,88.462,52,6,0,9900,9951,247,196,2.96e-05,68.0
TRINITY_DN56_c0_g1_i53,MZ821813.1,91.394,8459,726,2,1525,9982,8458,1,0.0,11966
TRINITY_DN56_c0_g1_i53,MZ821813.1,88.462,52,6,0,9900,9951,252,201,2.96e-05,68.0
TRINITY_DN56_c0_g1_i53,MZ821813.1,86.538,52,7,0,9731,9782,83,32,0.001,63.5
TRINITY_DN56_c0_g1_i53,MZ821816.1,91.381,8458,727,2,1523,9979,8457,1,0.0,11960
TRINITY_DN56_c0_g1_i53,MZ821816.1,88.462,52,6,0,9731,9782,80,29,2.96e-05,68.0
TRINITY_DN56_c0_g1_i53,MZ821816.1,88.462,52,6,0,9900,9951,249,198,2.96e-05,68.0
TRINITY_DN56_c0_g1_i53,MZ821812.1,91.377,8454,727,2,1526,9978,8453,1,0.0,11953
TRINITY_DN56_c0_g1_i53,MZ821812.1,88.462,52,6,0,9731,9782,79,28,2.96e-05,68.0
TRINITY_DN56_c0_g1_i53,MZ821812.1,88.462,52,6,0,9900,9951,248,197,2.96e-05,68.0
TRINITY_DN56_c0_g1_i53,MZ821804.1,91.331,8455,731,2,1525,9978,8454,1,0.0,11951
TRINITY_DN56_c0_g1_i53,MZ821804.1,88.462,52,6,0,9731,9782,79,28,2.96e-05,68.0
TRINITY_DN56_c0_g1_i53,MZ821804.1,88.462,52,6,0,9900,9951,248,197,2.96e-05,68.0
TRINITY_DN56_c0_g1_i53,MZ821806.1,91.374,8451,727,2,1528,9977,8450,1,0.0,11949
TRINITY_DN56_c0_g1_i53,MZ821806.1,88.462,52,6,0,9731,9782,78,27,2.96e-05,68.0
TRINITY_DN56_c0_g1_i53,MZ821806.1,88.462,52,6,0,9900,9951,247,196,2.96e-05,68.0
TRINITY_DN56_c0_g1_i53,MZ821805.1,91.292,8452,733,3,1525,9974,8451,1,0.0,11914
TRINITY_DN56_c0_g1_i53,MZ821805.1,88.462,52,6,0,9900,9951,245,194,2.96e-05,68.0
TRINITY_DN56_c0_g1_i53,MZ821805.1,86.792,53,6,1,9731,9782,76,24,0.004,61.7
TRINITY_DN56_c0_g1_i53,EF517515.1,91.686,8335,692,1,1606,9939,8335,1,0.0,11904
TRINITY_DN56_c0_g1_i53,EF517515.1,88.462,52,6,0,9900,9951,209,158,2.96e-05,68.0
TRINITY_DN56_c0_g1_i53,MT559307.1,91.281,8441,734,2,1525,9964,8440,1,0.0,11898
TRINITY_DN56_c0_g1_i53,MT559307.1,88.462,52,6,0,9731,9782,65,14,2.96e-05,68.0
TRINITY_DN56_c0_g1_i53,MT559307.1,88.462,52,6,0,9900,9951,234,183,2.96e-05,68.0
TRINITY_DN56_c0_g1_i53,MZ821800.1,91.167,8457,745,2,1522,9977,8456,1,0.0,11877
TRINITY_DN56_c0_g1_i53,MZ821800.1,88.462,52,6,0,9731,9782,78,27,2.96e-05,68.0
TRINITY_DN56_c0_g1_i53,MZ821800.1,88.462,52,6,0,9900,9951,247,196,2.96e-05,68.0
TRINITY_DN56_c0_g1_i53,KP119603.1,91.562,8355,701,4,1525,9877,8358,6,0.0,11875
TRINITY_DN56_c0_g1_i53,KP119603.1,88.462,52,6,0,9900,9951,151,100,2.96e-05,68.0
TRINITY_DN56_c0_g1_i53,MZ821801.1,91.503,8344,707,2,1528,9870,8343,1,0.0,11846
TRINITY_DN56_c0_g1_i53,MZ821801.1,88.462,52,6,0,9900,9951,140,89,2.96e-05,68.0
TRINITY_DN56_c0_g1_i53,MF623171.1,90.951,8454,760,3,1525,9977,8450,1,0.0,11789
TRINITY_DN56_c0_g1_i53,MF623171.1,88.462,52,6,0,9731,9782,78,27,2.96e-05,68.0
TRINITY_DN56_c0_g1_i53,MF623171.1,88.462,52,6,0,9900,9951,247,196,2.96e-05,68.0
TRINITY_DN56_c0_g1_i53,JX149531.1,90.742,8393,770,6,1537,9924,8392,2,0.0,11613
TRINITY_DN56_c0_g1_i53,JX149531.1,88.462,52,6,0,9900,9951,195,144,2.96e-05,68.0
TRINITY_DN56_c0_g1_i53,MW397638.1,90.089,8465,833,6,1514,9975,8462,1,0.0,11462
TRINITY_DN56_c0_g1_i53,MW397638.1,88.462,52,6,0,9731,9782,76,25,2.96e-05,68.0
TRINITY_DN56_c0_g1_i53,MW397638.1,88.462,52,6,0,9900,9951,245,194,2.96e-05,68.0
TRINITY_DN56_c0_g1_i53,EF517521.1,89.958,8305,826,6,1641,9941,8301,1,0.0,11198
TRINITY_DN56_c0_g1_i53,EF517521.1,86.538,52,7,0,9900,9951,210,159,0.001,63.5
TRINITY_DN56_c0_g1_i53,EF517520.1,89.677,8302,849,6,1644,9941,8298,1,0.0,11089
TRINITY_DN56_c0_g1_i53,EF517520.1,90.385,52,5,0,9900,9951,210,159,2.43e-06,72.5
TRINITY_DN56_c0_g1_i53,EF517519.1,88.822,8338,923,7,1608,9941,8333,1,0.0,10812
TRINITY_DN56_c0_g1_i53,EF517519.1,90.385,52,5,0,9900,9951,210,159,2.43e-06,72.5
TRINITY_DN56_c0_g1_i53,MG799370.1,87.603,8349,957,13,1542,9883,8278,1,0.0,10403
TRINITY_DN56_c0_g1_i53,KY465685.1,90.517,6886,649,4,1525,8408,6884,1,0.0,9460
TRINITY_DN56_c0_g1_i53,KY465684.1,90.285,6886,665,4,1525,8408,6884,1,0.0,9388
TRINITY_DN56_c0_g1_i53,KY465683.1,90.241,6886,668,4,1525,8408,6884,1,0.0,9375
TRINITY_DN56_c0_g1_i53,AF183905.1,88.324,7323,849,6,1525,8843,8550,1230,0.0,9331
TRINITY_DN56_c0_g1_i53,AF183905.1,88.861,1176,111,6,8823,9982,1182,11,0.0,1522
TRINITY_DN56_c0_g1_i53,AF183905.1,88.462,52,6,0,9731,9782,93,42,2.96e-05,68.0
TRINITY_DN56_c0_g1_i53,AF183905.1,88.462,52,6,0,9900,9951,262,211,2.96e-05,68.0
TRINITY_DN56_c0_g1_i53,KY465680.1,89.355,6886,726,6,1525,8408,6881,1,0.0,9093
TRINITY_DN56_c0_g1_i53,KY465686.1,88.992,6886,754,4,1525,8408,6884,1,0.0,8987
TRINITY_DN56_c0_g1_i53,KY465682.1,88.891,6886,761,4,1525,8408,6884,1,0.0,8955
TRINITY_DN56_c0_g1_i53,KY465681.1,88.613,6885,776,5,1525,8408,6878,1,0.0,8867
TRINITY_DN56_c0_g1_i53,KY465688.1,91.514,5421,458,2,1525,6944,5420,1,0.0,7696
TRINITY_DN56_c0_g1_i53,KY465687.1,89.784,5472,557,2,1525,6995,5471,1,0.0,7341
TRINITY_DN56_c0_g1_i53,KY363519.1,95.436,2651,121,0,1670,4320,2651,1,0.0,4236
TRINITY_DN56_c0_g1_i53,EF517505.1,92.034,2586,205,1,7349,9934,2585,1,0.0,3732
TRINITY_DN56_c0_g1_i53,EF517505.1,92.462,398,30,0,3083,3480,6852,6455,1.63e-160,583
TRINITY_DN56_c0_g1_i53,EF517505.1,88.462,52,6,0,9900,9951,204,153,2.96e-05,68.0
TRINITY_DN56_c0_g1_i53,AY626246.1,96.426,1231,44,0,1525,2755,1231,1,0.0,2022
TRINITY_DN56_c0_g1_i53,XR_003696415.1,90.782,1508,78,30,1,1495,8628,7169,0.0,2013
TRINITY_DN56_c0_g1_i53,XR_001765028.2,90.782,1508,78,30,1,1495,8649,7190,0.0,2013
TRINITY_DN56_c0_g1_i53,XM_006622408.2,89.375,1487,89,32,1,1479,1491,2916,0.0,1888
TRINITY_DN56_c0_g1_i53,XM_012490916.2,86.662,1522,99,45,1,1494,2829,4274,0.0,1721
TRINITY_DN56_c0_g1_i53,MG737462.1,88.754,1156,130,0,4743,5898,1156,1,0.0,1499
TRINITY_DN56_c0_g1_i53,MG737461.1,88.097,1151,137,0,4702,5852,1153,3,0.0,1460
TRINITY_DN56_c0_g1_i53,MG737463.1,88.973,1052,116,0,4814,5865,1052,1,0.0,1375
TRINITY_DN56_c0_g1_i53,KP271981.1,93.939,891,54,0,4653,5543,891,1,0.0,1364
TRINITY_DN56_c0_g1_i53,MG737455.1,91.513,919,78,0,4906,5824,919,1,0.0,1306
TRINITY_DN56_c0_g1_i53,MG737458.1,89.126,984,107,0,4909,5892,984,1,0.0,1293
TRINITY_DN56_c0_g1_i53,AF125252.1,94.724,815,43,0,6958,7772,815,1,0.0,1277
TRINITY_DN56_c0_g1_i53,MN902109.1,99.573,702,3,0,1525,2226,702,1,0.0,1253
TRINITY_DN56_c0_g1_i53,MN902103.1,99.573,702,3,0,1525,2226,702,1,0.0,1253
TRINITY_DN56_c0_g1_i53,MN902107.1,99.430,702,4,0,1525,2226,702,1,0.0,1251
TRINITY_DN56_c0_g1_i53,MN902106.1,99.431,703,4,0,1525,2227,703,1,0.0,1251
TRINITY_DN56_c0_g1_i53,MN902105.1,99.430,702,4,0,1525,2226,702,1,0.0,1251
TRINITY_DN56_c0_g1_i53,MN902100.1,99.430,702,4,0,1525,2226,702,1,0.0,1251
TRINITY_DN56_c0_g1_i53,MN902104.1,99.430,702,4,0,1525,2226,702,1,0.0,1249
TRINITY_DN56_c0_g1_i53,MN902108.1,99.289,703,5,0,1525,2227,703,1,0.0,1248
TRINITY_DN56_c0_g1_i53,JN185928.1,98.859,701,8,0,1525,2225,701,1,0.0,1229
TRINITY_DN56_c0_g1_i53,HQ655460.1,99.563,687,3,0,1527,2213,687,1,0.0,1226
TRINITY_DN56_c0_g1_i53,JN185930.1,98.716,701,9,0,1525,2225,701,1,0.0,1224
TRINITY_DN56_c0_g1_i53,HQ655459.1,99.418,687,4,0,1527,2213,687,1,0.0,1222
TRINITY_DN56_c0_g1_i53,HQ655458.1,99.418,687,4,0,1527,2213,687,1,0.0,1222
TRINITY_DN56_c0_g1_i53,KR074231.1,93.548,806,52,0,2764,3569,806,1,0.0,1220
TRINITY_DN56_c0_g1_i53,JX679490.1,98.573,701,10,0,1525,2225,701,1,0.0,1220
TRINITY_DN56_c0_g1_i53,JN185929.1,98.573,701,10,0,1525,2225,701,1,0.0,1220
TRINITY_DN56_c0_g1_i53,JN185926.1,98.573,701,10,0,1525,2225,701,1,0.0,1220
TRINITY_DN56_c0_g1_i53,MN902102.1,99.560,682,3,0,1534,2215,682,1,0.0,1219
TRINITY_DN56_c0_g1_i53,EU375535.1,98.435,703,11,0,1523,2225,703,1,0.0,1219
TRINITY_DN56_c0_g1_i53,KP730024.1,98.571,700,10,0,1526,2225,700,1,0.0,1218
TRINITY_DN56_c0_g1_i53,KP730033.1,98.569,699,10,0,1528,2226,699,1,0.0,1216
TRINITY_DN56_c0_g1_i53,JX679493.1,98.431,701,11,0,1525,2225,701,1,0.0,1215
TRINITY_DN56_c0_g1_i53,EU770973.1,98.431,701,11,0,1525,2225,701,1,0.0,1215
TRINITY_DN56_c0_g1_i53,EF639830.1,98.431,701,11,0,1525,2225,701,1,0.0,1215
TRINITY_DN56_c0_g1_i53,KP730008.1,98.429,700,11,0,1526,2225,700,1,0.0,1214
TRINITY_DN56_c0_g1_i53,KM255693.1,98.288,701,12,0,1525,2225,701,1,0.0,1211
TRINITY_DN56_c0_g1_i53,JX679491.1,98.288,701,12,0,1525,2225,701,1,0.0,1211
TRINITY_DN56_c0_g1_i53,JN185932.1,98.288,701,12,0,1525,2225,701,1,0.0,1211
TRINITY_DN56_c0_g1_i31,MH267693.1,97.095,8435,242,1,666,9100,8432,1,0.0,14106
TRINITY_DN56_c0_g1_i31,MH267693.1,88.462,52,6,0,8856,8907,76,25,2.70e-05,68.0
TRINITY_DN56_c0_g1_i31,MH267693.1,88.462,52,6,0,9025,9076,245,194,2.70e-05,68.0
TRINITY_DN56_c0_g1_i31,MH267694.1,97.029,8449,240,3,670,9107,8454,6,0.0,14102
TRINITY_DN56_c0_g1_i31,MH267694.1,88.462,52,6,0,8856,8907,88,37,2.70e-05,68.0
TRINITY_DN56_c0_g1_i31,MH267694.1,86.792,53,6,1,9025,9076,259,207,0.004,61.7
TRINITY_DN56_c0_g1_i31,MT636341.1,97.036,8435,247,1,666,9100,8432,1,0.0,14083
TRINITY_DN56_c0_g1_i31,MT636341.1,88.462,52,6,0,8856,8907,76,25,2.70e-05,68.0
TRINITY_DN56_c0_g1_i31,MT636341.1,88.462,52,6,0,9025,9076,245,194,2.70e-05,68.0
TRINITY_DN56_c0_g1_i31,MT636339.1,96.988,8434,251,1,666,9099,8432,2,0.0,14063
TRINITY_DN56_c0_g1_i31,MT636339.1,88.462,52,6,0,8856,8907,76,25,2.70e-05,68.0
TRINITY_DN56_c0_g1_i31,MT636339.1,88.462,52,6,0,9025,9076,245,194,2.70e-05,68.0
TRINITY_DN56_c0_g1_i31,MT636342.1,96.941,8435,255,1,666,9100,8432,1,0.0,14047
TRINITY_DN56_c0_g1_i31,MT636342.1,88.462,52,6,0,8856,8907,76,25,2.70e-05,68.0
TRINITY_DN56_c0_g1_i31,MT636342.1,88.462,52,6,0,9025,9076,245,194,2.70e-05,68.0
TRINITY_DN56_c0_g1_i31,MT636343.1,96.929,8435,256,1,666,9100,8432,1,0.0,14043
TRINITY_DN56_c0_g1_i31,MT636343.1,88.462,52,6,0,8856,8907,76,25,2.70e-05,68.0
TRINITY_DN56_c0_g1_i31,MT636343.1,88.462,52,6,0,9025,9076,245,194,2.70e-05,68.0
TRINITY_DN56_c0_g1_i31,MT636345.1,96.906,8435,258,1,666,9100,8432,1,0.0,14034
TRINITY_DN56_c0_g1_i31,MT636345.1,88.462,52,6,0,8856,8907,76,25,2.70e-05,68.0
TRINITY_DN56_c0_g1_i31,MT636345.1,84.615,52,8,0,9025,9076,245,194,0.014,59.0
TRINITY_DN56_c0_g1_i31,MT636338.1,96.906,8435,258,1,666,9100,8432,1,0.0,14034
TRINITY_DN56_c0_g1_i31,MT636338.1,88.462,52,6,0,8856,8907,76,25,2.70e-05,68.0
TRINITY_DN56_c0_g1_i31,MT636338.1,88.462,52,6,0,9025,9076,245,194,2.70e-05,68.0
TRINITY_DN56_c0_g1_i31,MT636337.1,96.906,8435,258,1,666,9100,8432,1,0.0,14034
TRINITY_DN56_c0_g1_i31,MT636337.1,88.462,52,6,0,8856,8907,76,25,2.70e-05,68.0
TRINITY_DN56_c0_g1_i31,MT636337.1,88.462,52,6,0,9025,9076,245,194,2.70e-05,68.0
TRINITY_DN56_c0_g1_i31,MT636344.1,96.858,8435,262,1,666,9100,8432,1,0.0,14016
TRINITY_DN56_c0_g1_i31,MT636344.1,88.462,52,6,0,8856,8907,76,25,2.70e-05,68.0
TRINITY_DN56_c0_g1_i31,MT636344.1,88.462,52,6,0,9025,9076,245,194,2.70e-05,68.0
TRINITY_DN56_c0_g1_i31,MT636346.1,96.811,8435,266,1,666,9100,8432,1,0.0,13998
TRINITY_DN56_c0_g1_i31,MT636346.1,88.462,52,6,0,8856,8907,76,25,2.70e-05,68.0
TRINITY_DN56_c0_g1_i31,MT636346.1,88.462,52,6,0,9025,9076,245,194,2.70e-05,68.0
TRINITY_DN56_c0_g1_i31,MT636340.1,96.787,8435,268,1,666,9100,8432,1,0.0,13989
TRINITY_DN56_c0_g1_i31,MT636340.1,88.462,52,6,0,8856,8907,76,25,2.70e-05,68.0
TRINITY_DN56_c0_g1_i31,MT636340.1,88.462,52,6,0,9025,9076,245,194,2.70e-05,68.0
TRINITY_DN56_c0_g1_i31,MT482475.1,94.760,8473,444,0,634,9106,8488,16,0.0,13279
TRINITY_DN56_c0_g1_i31,MT482475.1,88.462,52,6,0,9025,9076,266,215,2.70e-05,68.0
TRINITY_DN56_c0_g1_i31,MT482475.1,86.538,52,7,0,8856,8907,97,46,0.001,63.5
TRINITY_DN56_c0_g1_i31,MT482476.1,94.484,8412,464,0,652,9063,8412,1,0.0,13079
TRINITY_DN56_c0_g1_i31,MT482476.1,88.462,52,6,0,9025,9076,208,157,2.70e-05,68.0
TRINITY_DN56_c0_g1_i31,MZ821802.1,93.662,8457,535,1,647,9102,8457,1,0.0,12835
TRINITY_DN56_c0_g1_i31,MZ821802.1,88.462,52,6,0,8856,8907,78,27,2.70e-05,68.0
TRINITY_DN56_c0_g1_i31,MZ821802.1,88.462,52,6,0,9025,9076,247,196,2.70e-05,68.0
TRINITY_DN56_c0_g1_i31,KY243932.1,92.726,8524,531,13,650,9107,8511,11,0.0,12599
TRINITY_DN56_c0_g1_i31,KY243932.1,92.857,56,4,0,7928,7983,1178,1233,3.52e-10,84.2
TRINITY_DN56_c0_g1_i31,KY243932.1,88.462,52,6,0,8856,8907,93,42,2.70e-05,68.0
TRINITY_DN56_c0_g1_i31,KY243932.1,88.462,52,6,0,9025,9076,262,211,2.70e-05,68.0
TRINITY_DN56_c0_g1_i31,MT096521.1,92.960,8438,591,1,670,9107,8436,2,0.0,12538
TRINITY_DN56_c0_g1_i31,MT096521.1,88.462,52,6,0,8856,8907,84,33,2.70e-05,68.0
TRINITY_DN56_c0_g1_i31,MT096521.1,88.462,52,6,0,9025,9076,253,202,2.70e-05,68.0
TRINITY_DN56_c0_g1_i31,MW390818.1,92.230,8430,655,0,631,9060,8430,1,0.0,12375
TRINITY_DN56_c0_g1_i31,MW390818.1,88.462,52,6,0,9025,9076,205,154,2.70e-05,68.0
TRINITY_DN56_c0_g1_i31,OL803818.1,92.135,8468,664,2,640,9106,8467,1,0.0,12262
TRINITY_DN56_c0_g1_i31,OL803818.1,88.462,52,6,0,8856,8907,82,31,2.70e-05,68.0
TRINITY_DN56_c0_g1_i31,OL803818.1,86.538,52,7,0,9025,9076,251,200,0.001,63.5
TRINITY_DN56_c0_g1_i31,MN565034.1,91.973,8459,678,1,650,9107,8464,6,0.0,12214
TRINITY_DN56_c0_g1_i31,MN565034.1,88.462,52,6,0,9025,9076,257,206,2.70e-05,68.0
TRINITY_DN56_c0_g1_i31,MN565034.1,80.769,52,10,0,8856,8907,88,37,0.049,57.2
TRINITY_DN56_c0_g1_i31,MT416539.1,91.890,8459,684,2,650,9107,8458,1,0.0,12155
TRINITY_DN56_c0_g1_i31,MT416539.1,88.462,52,6,0,8856,8907,83,32,2.70e-05,68.0
TRINITY_DN56_c0_g1_i31,MT416539.1,88.462,52,6,0,9025,9076,252,201,2.70e-05,68.0
TRINITY_DN56_c0_g1_i31,MZ821810.1,91.707,8453,699,2,653,9104,8452,1,0.0,12077
TRINITY_DN56_c0_g1_i31,MZ821810.1,88.462,52,6,0,8856,8907,80,29,2.70e-05,68.0
TRINITY_DN56_c0_g1_i31,MZ821810.1,86.538,52,7,0,9025,9076,249,198,0.001,63.5
TRINITY_DN56_c0_g1_i31,MZ821809.1,91.640,8457,705,2,647,9102,8456,1,0.0,12057
TRINITY_DN56_c0_g1_i31,MZ821809.1,88.462,52,6,0,8856,8907,78,27,2.70e-05,68.0
TRINITY_DN56_c0_g1_i31,MZ821809.1,88.462,52,6,0,9025,9076,247,196,2.70e-05,68.0
TRINITY_DN56_c0_g1_i31,MZ821814.1,91.627,8456,706,2,648,9102,8455,1,0.0,12051
TRINITY_DN56_c0_g1_i31,MZ821814.1,88.462,52,6,0,8856,8907,78,27,2.70e-05,68.0
TRINITY_DN56_c0_g1_i31,MZ821814.1,88.462,52,6,0,9025,9076,247,196,2.70e-05,68.0
TRINITY_DN56_c0_g1_i31,MZ821803.1,91.527,8450,714,2,654,9102,8449,1,0.0,12013
TRINITY_DN56_c0_g1_i31,MZ821803.1,88.462,52,6,0,8856,8907,78,27,2.70e-05,68.0
TRINITY_DN56_c0_g1_i31,MZ821803.1,86.538,52,7,0,9025,9076,247,196,0.001,63.5
TRINITY_DN56_c0_g1_i31,KY741959.1,91.565,8441,710,2,650,9089,8440,1,0.0,12006
TRINITY_DN56_c0_g1_i31,KY741959.1,88.462,52,6,0,8856,8907,65,14,2.70e-05,68.0
TRINITY_DN56_c0_g1_i31,KY741959.1,88.462,52,6,0,9025,9076,234,183,2.70e-05,68.0
TRINITY_DN56_c0_g1_i31,MZ821815.1,91.513,8460,714,4,648,9105,8458,1,0.0,12006
TRINITY_DN56_c0_g1_i31,MZ821815.1,88.462,52,6,0,8856,8907,81,30,2.70e-05,68.0
TRINITY_DN56_c0_g1_i31,MZ821815.1,88.462,52,6,0,9025,9076,250,199,2.70e-05,68.0
TRINITY_DN56_c0_g1_i31,MZ821807.1,91.492,8451,717,2,653,9102,8450,1,0.0,11992
TRINITY_DN56_c0_g1_i31,MZ821807.1,88.462,52,6,0,8856,8907,78,27,2.70e-05,68.0
TRINITY_DN56_c0_g1_i31,MZ821807.1,88.462,52,6,0,9025,9076,247,196,2.70e-05,68.0
TRINITY_DN56_c0_g1_i31,MZ821808.1,91.433,8451,722,2,653,9102,8450,1,0.0,11972
TRINITY_DN56_c0_g1_i31,MZ821808.1,88.462,52,6,0,8856,8907,78,27,2.70e-05,68.0
TRINITY_DN56_c0_g1_i31,MZ821808.1,88.462,52,6,0,9025,9076,247,196,2.70e-05,68.0
TRINITY_DN56_c0_g1_i31,MZ821811.1,91.296,8456,734,2,648,9102,8455,1,0.0,11925
TRINITY_DN56_c0_g1_i31,MZ821811.1,88.462,52,6,0,8856,8907,78,27,2.70e-05,68.0
TRINITY_DN56_c0_g1_i31,MZ821811.1,88.462,52,6,0,9025,9076,247,196,2.70e-05,68.0
TRINITY_DN56_c0_g1_i31,MZ821813.1,91.252,8459,738,2,650,9107,8458,1,0.0,11912
TRINITY_DN56_c0_g1_i31,MZ821813.1,88.462,52,6,0,9025,9076,252,201,2.70e-05,68.0
TRINITY_DN56_c0_g1_i31,MZ821813.1,86.538,52,7,0,8856,8907,83,32,0.001,63.5
TRINITY_DN56_c0_g1_i31,MZ821816.1,91.239,8458,739,2,648,9104,8457,1,0.0,11906
TRINITY_DN56_c0_g1_i31,MZ821816.1,88.462,52,6,0,8856,8907,80,29,2.70e-05,68.0
TRINITY_DN56_c0_g1_i31,MZ821816.1,88.462,52,6,0,9025,9076,249,198,2.70e-05,68.0
TRINITY_DN56_c0_g1_i31,MZ821812.1,91.259,8454,737,2,651,9103,8453,1,0.0,11908
TRINITY_DN56_c0_g1_i31,MZ821812.1,88.462,52,6,0,8856,8907,79,28,2.70e-05,68.0
TRINITY_DN56_c0_g1_i31,MZ821812.1,88.462,52,6,0,9025,9076,248,197,2.70e-05,68.0
TRINITY_DN56_c0_g1_i31,MZ821804.1,91.189,8455,743,2,650,9103,8454,1,0.0,11897
TRINITY_DN56_c0_g1_i31,MZ821804.1,88.462,52,6,0,8856,8907,79,28,2.70e-05,68.0
TRINITY_DN56_c0_g1_i31,MZ821804.1,88.462,52,6,0,9025,9076,248,197,2.70e-05,68.0
TRINITY_DN56_c0_g1_i31,MZ821806.1,91.255,8451,737,2,653,9102,8450,1,0.0,11904
TRINITY_DN56_c0_g1_i31,MZ821806.1,88.462,52,6,0,8856,8907,78,27,2.70e-05,68.0
TRINITY_DN56_c0_g1_i31,MZ821806.1,88.462,52,6,0,9025,9076,247,196,2.70e-05,68.0
TRINITY_DN56_c0_g1_i31,MZ821805.1,91.197,8452,741,3,650,9099,8451,1,0.0,11878
TRINITY_DN56_c0_g1_i31,MZ821805.1,88.462,52,6,0,9025,9076,245,194,2.70e-05,68.0
TRINITY_DN56_c0_g1_i31,MZ821805.1,86.792,53,6,1,8856,8907,76,24,0.004,61.7
TRINITY_DN56_c0_g1_i31,EF517515.1,91.746,8335,687,1,731,9064,8335,1,0.0,11926
TRINITY_DN56_c0_g1_i31,EF517515.1,88.462,52,6,0,9025,9076,209,158,2.70e-05,68.0
TRINITY_DN56_c0_g1_i31,MT559307.1,91.162,8441,744,2,650,9089,8440,1,0.0,11853
TRINITY_DN56_c0_g1_i31,MT559307.1,88.462,52,6,0,8856,8907,65,14,2.70e-05,68.0
TRINITY_DN56_c0_g1_i31,MT559307.1,88.462,52,6,0,9025,9076,234,183,2.70e-05,68.0
TRINITY_DN56_c0_g1_i31,MZ821800.1,91.025,8457,757,2,647,9102,8456,1,0.0,11823
TRINITY_DN56_c0_g1_i31,MZ821800.1,88.462,52,6,0,8856,8907,78,27,2.70e-05,68.0
TRINITY_DN56_c0_g1_i31,MZ821800.1,88.462,52,6,0,9025,9076,247,196,2.70e-05,68.0
TRINITY_DN56_c0_g1_i31,KP119603.1,91.442,8355,711,4,650,9002,8358,6,0.0,11830
TRINITY_DN56_c0_g1_i31,KP119603.1,88.462,52,6,0,9025,9076,151,100,2.70e-05,68.0
TRINITY_DN56_c0_g1_i31,MZ821801.1,91.432,8345,711,4,653,8995,8343,1,0.0,11814
TRINITY_DN56_c0_g1_i31,MZ821801.1,88.462,52,6,0,9025,9076,140,89,2.70e-05,68.0
TRINITY_DN56_c0_g1_i31,MF623171.1,90.926,8453,764,1,650,9102,8450,1,0.0,11785
TRINITY_DN56_c0_g1_i31,MF623171.1,88.462,52,6,0,8856,8907,78,27,2.70e-05,68.0
TRINITY_DN56_c0_g1_i31,MF623171.1,88.462,52,6,0,9025,9076,247,196,2.70e-05,68.0
TRINITY_DN56_c0_g1_i31,JX149531.1,90.777,8392,769,5,662,9049,8392,2,0.0,11627
TRINITY_DN56_c0_g1_i31,JX149531.1,88.462,52,6,0,9025,9076,195,144,2.70e-05,68.0
TRINITY_DN56_c0_g1_i31,MW397638.1,89.969,8464,845,4,639,9100,8462,1,0.0,11422
TRINITY_DN56_c0_g1_i31,MW397638.1,88.462,52,6,0,8856,8907,76,25,2.70e-05,68.0
TRINITY_DN56_c0_g1_i31,MW397638.1,88.462,52,6,0,9025,9076,245,194,2.70e-05,68.0
TRINITY_DN56_c0_g1_i31,EF517521.1,89.933,8304,830,4,766,9066,8301,1,0.0,11194
TRINITY_DN56_c0_g1_i31,EF517521.1,86.538,52,7,0,9025,9076,210,159,0.001,63.5
TRINITY_DN56_c0_g1_i31,EF517520.1,89.652,8301,853,4,769,9066,8298,1,0.0,11085
TRINITY_DN56_c0_g1_i31,EF517520.1,90.385,52,5,0,9025,9076,210,159,2.22e-06,72.5
TRINITY_DN56_c0_g1_i31,EF517519.1,88.773,8337,929,5,733,9066,8333,1,0.0,10799
TRINITY_DN56_c0_g1_i31,EF517519.1,90.385,52,5,0,9025,9076,210,159,2.22e-06,72.5
TRINITY_DN56_c0_g1_i31,MG799370.1,87.518,8348,966,11,667,9008,8278,1,0.0,10376
TRINITY_DN56_c0_g1_i31,MG799370.1,94.444,36,2,0,9041,9076,137,102,0.049,57.2
TRINITY_DN56_c0_g1_i31,KY465685.1,90.370,6885,661,2,650,7533,6884,1,0.0,9421
TRINITY_DN56_c0_g1_i31,KY465684.1,90.225,6885,671,2,650,7533,6884,1,0.0,9376
TRINITY_DN56_c0_g1_i31,KY465683.1,90.123,6885,678,2,650,7533,6884,1,0.0,9344
TRINITY_DN56_c0_g1_i31,AF183905.1,88.241,7322,857,4,650,7968,8550,1230,0.0,9309
TRINITY_DN56_c0_g1_i31,AF183905.1,88.861,1176,111,6,7948,9107,1182,11,0.0,1522
TRINITY_DN56_c0_g1_i31,AF183905.1,88.462,52,6,0,8856,8907,93,42,2.70e-05,68.0
TRINITY_DN56_c0_g1_i31,AF183905.1,88.462,52,6,0,9025,9076,262,211,2.70e-05,68.0
TRINITY_DN56_c0_g1_i31,KY465680.1,89.296,6885,732,4,650,7533,6881,1,0.0,9081
TRINITY_DN56_c0_g1_i31,KY465686.1,88.962,6885,758,2,650,7533,6884,1,0.0,8983
TRINITY_DN56_c0_g1_i31,KY465682.1,88.918,6885,761,2,650,7533,6884,1,0.0,8970
TRINITY_DN56_c0_g1_i31,KY465681.1,88.526,6885,782,5,650,7533,6878,1,0.0,8840
TRINITY_DN56_c0_g1_i31,KY465688.1,91.514,5421,458,2,650,6069,5420,1,0.0,7696
TRINITY_DN56_c0_g1_i31,KY465687.1,89.784,5472,557,2,650,6120,5471,1,0.0,7341
TRINITY_DN56_c0_g1_i31,KY363519.1,95.436,2651,121,0,795,3445,2651,1,0.0,4236
TRINITY_DN56_c0_g1_i31,EF517505.1,91.841,2586,210,1,6474,9059,2585,1,0.0,3709
TRINITY_DN56_c0_g1_i31,EF517505.1,92.462,398,30,0,2208,2605,6852,6455,1.48e-160,583
TRINITY_DN56_c0_g1_i31,EF517505.1,88.462,52,6,0,9025,9076,204,153,2.70e-05,68.0
TRINITY_DN56_c0_g1_i31,AY626246.1,96.426,1231,44,0,650,1880,1231,1,0.0,2022
TRINITY_DN56_c0_g1_i31,MG737462.1,88.754,1156,130,0,3868,5023,1156,1,0.0,1499
TRINITY_DN56_c0_g1_i31,MG737461.1,88.097,1151,137,0,3827,4977,1153,3,0.0,1460
TRINITY_DN56_c0_g1_i31,MG737463.1,88.973,1052,116,0,3939,4990,1052,1,0.0,1375
TRINITY_DN56_c0_g1_i31,KP271981.1,93.939,891,54,0,3778,4668,891,1,0.0,1364
TRINITY_DN56_c0_g1_i31,MG737455.1,91.513,919,78,0,4031,4949,919,1,0.0,1306
TRINITY_DN56_c0_g1_i31,MG737458.1,89.126,984,107,0,4034,5017,984,1,0.0,1293
TRINITY_DN56_c0_g1_i31,AF125252.1,94.479,815,45,0,6083,6897,815,1,0.0,1268
TRINITY_DN56_c0_g1_i31,MN902109.1,99.573,702,3,0,650,1351,702,1,0.0,1253
TRINITY_DN56_c0_g1_i31,MN902103.1,99.573,702,3,0,650,1351,702,1,0.0,1253
TRINITY_DN56_c0_g1_i31,MN902107.1,99.430,702,4,0,650,1351,702,1,0.0,1251
TRINITY_DN56_c0_g1_i31,MN902106.1,99.431,703,4,0,650,1352,703,1,0.0,1251
TRINITY_DN56_c0_g1_i31,MN902105.1,99.430,702,4,0,650,1351,702,1,0.0,1251
TRINITY_DN56_c0_g1_i31,MN902100.1,99.430,702,4,0,650,1351,702,1,0.0,1251
TRINITY_DN56_c0_g1_i31,MN902104.1,99.430,702,4,0,650,1351,702,1,0.0,1249
TRINITY_DN56_c0_g1_i31,MN902108.1,99.289,703,5,0,650,1352,703,1,0.0,1248
TRINITY_DN56_c0_g1_i31,JN185928.1,98.859,701,8,0,650,1350,701,1,0.0,1229
TRINITY_DN56_c0_g1_i31,HQ655460.1,99.563,687,3,0,652,1338,687,1,0.0,1226
TRINITY_DN56_c0_g1_i31,JN185930.1,98.716,701,9,0,650,1350,701,1,0.0,1224
TRINITY_DN56_c0_g1_i31,HQ655459.1,99.418,687,4,0,652,1338,687,1,0.0,1222
TRINITY_DN56_c0_g1_i31,HQ655458.1,99.418,687,4,0,652,1338,687,1,0.0,1222
TRINITY_DN56_c0_g1_i31,KR074231.1,93.548,806,52,0,1889,2694,806,1,0.0,1220
TRINITY_DN56_c0_g1_i31,JX679490.1,98.573,701,10,0,650,1350,701,1,0.0,1220
TRINITY_DN56_c0_g1_i31,JN185929.1,98.573,701,10,0,650,1350,701,1,0.0,1220
TRINITY_DN56_c0_g1_i31,JN185926.1,98.573,701,10,0,650,1350,701,1,0.0,1220
TRINITY_DN56_c0_g1_i31,MN902102.1,99.560,682,3,0,659,1340,682,1,0.0,1219
TRINITY_DN56_c0_g1_i31,EU375535.1,98.435,703,11,0,648,1350,703,1,0.0,1219
TRINITY_DN56_c0_g1_i31,KP730024.1,98.571,700,10,0,651,1350,700,1,0.0,1218
TRINITY_DN56_c0_g1_i31,KP730033.1,98.569,699,10,0,653,1351,699,1,0.0,1216
TRINITY_DN56_c0_g1_i31,JX679493.1,98.431,701,11,0,650,1350,701,1,0.0,1215
TRINITY_DN56_c0_g1_i31,EU770973.1,98.431,701,11,0,650,1350,701,1,0.0,1215
TRINITY_DN56_c0_g1_i31,EF639830.1,98.431,701,11,0,650,1350,701,1,0.0,1215
TRINITY_DN56_c0_g1_i31,KP730008.1,98.429,700,11,0,651,1350,700,1,0.0,1214
TRINITY_DN56_c0_g1_i31,KM255693.1,98.288,701,12,0,650,1350,701,1,0.0,1211
TRINITY_DN56_c0_g1_i31,JX679491.1,98.288,701,12,0,650,1350,701,1,0.0,1211
TRINITY_DN56_c0_g1_i31,JN185932.1,98.288,701,12,0,650,1350,701,1,0.0,1211
TRINITY_DN56_c0_g1_i14,MH267693.1,97.095,8435,242,1,252,8686,8432,1,0.0,14106
TRINITY_DN56_c0_g1_i14,MH267693.1,88.462,52,6,0,8442,8493,76,25,2.58e-05,68.0
TRINITY_DN56_c0_g1_i14,MH267693.1,88.462,52,6,0,8611,8662,245,194,2.58e-05,68.0
TRINITY_DN56_c0_g1_i14,MH267694.1,97.029,8449,240,3,256,8693,8454,6,0.0,14102
TRINITY_DN56_c0_g1_i14,MH267694.1,88.462,52,6,0,8442,8493,88,37,2.58e-05,68.0
TRINITY_DN56_c0_g1_i14,MH267694.1,86.792,53,6,1,8611,8662,259,207,0.004,61.7
TRINITY_DN56_c0_g1_i14,MT636341.1,97.036,8435,247,1,252,8686,8432,1,0.0,14083
TRINITY_DN56_c0_g1_i14,MT636341.1,88.462,52,6,0,8442,8493,76,25,2.58e-05,68.0
TRINITY_DN56_c0_g1_i14,MT636341.1,88.462,52,6,0,8611,8662,245,194,2.58e-05,68.0
TRINITY_DN56_c0_g1_i14,MT636339.1,96.988,8434,251,1,252,8685,8432,2,0.0,14063
TRINITY_DN56_c0_g1_i14,MT636339.1,88.462,52,6,0,8442,8493,76,25,2.58e-05,68.0
TRINITY_DN56_c0_g1_i14,MT636339.1,88.462,52,6,0,8611,8662,245,194,2.58e-05,68.0
TRINITY_DN56_c0_g1_i14,MT636342.1,96.941,8435,255,1,252,8686,8432,1,0.0,14047
TRINITY_DN56_c0_g1_i14,MT636342.1,88.462,52,6,0,8442,8493,76,25,2.58e-05,68.0
TRINITY_DN56_c0_g1_i14,MT636342.1,88.462,52,6,0,8611,8662,245,194,2.58e-05,68.0
TRINITY_DN56_c0_g1_i14,MT636343.1,96.929,8435,256,1,252,8686,8432,1,0.0,14043
TRINITY_DN56_c0_g1_i14,MT636343.1,88.462,52,6,0,8442,8493,76,25,2.58e-05,68.0
TRINITY_DN56_c0_g1_i14,MT636343.1,88.462,52,6,0,8611,8662,245,194,2.58e-05,68.0
TRINITY_DN56_c0_g1_i14,MT636345.1,96.906,8435,258,1,252,8686,8432,1,0.0,14034
TRINITY_DN56_c0_g1_i14,MT636345.1,88.462,52,6,0,8442,8493,76,25,2.58e-05,68.0
TRINITY_DN56_c0_g1_i14,MT636345.1,84.615,52,8,0,8611,8662,245,194,0.013,59.0
TRINITY_DN56_c0_g1_i14,MT636338.1,96.906,8435,258,1,252,8686,8432,1,0.0,14034
TRINITY_DN56_c0_g1_i14,MT636338.1,88.462,52,6,0,8442,8493,76,25,2.58e-05,68.0
TRINITY_DN56_c0_g1_i14,MT636338.1,88.462,52,6,0,8611,8662,245,194,2.58e-05,68.0
TRINITY_DN56_c0_g1_i14,MT636337.1,96.906,8435,258,1,252,8686,8432,1,0.0,14034
TRINITY_DN56_c0_g1_i14,MT636337.1,88.462,52,6,0,8442,8493,76,25,2.58e-05,68.0
TRINITY_DN56_c0_g1_i14,MT636337.1,88.462,52,6,0,8611,8662,245,194,2.58e-05,68.0
TRINITY_DN56_c0_g1_i14,MT636344.1,96.858,8435,262,1,252,8686,8432,1,0.0,14016
TRINITY_DN56_c0_g1_i14,MT636344.1,88.462,52,6,0,8442,8493,76,25,2.58e-05,68.0
TRINITY_DN56_c0_g1_i14,MT636344.1,88.462,52,6,0,8611,8662,245,194,2.58e-05,68.0
TRINITY_DN56_c0_g1_i14,MT636346.1,96.811,8435,266,1,252,8686,8432,1,0.0,13998
TRINITY_DN56_c0_g1_i14,MT636346.1,88.462,52,6,0,8442,8493,76,25,2.58e-05,68.0
TRINITY_DN56_c0_g1_i14,MT636346.1,88.462,52,6,0,8611,8662,245,194,2.58e-05,68.0
TRINITY_DN56_c0_g1_i14,MT636340.1,96.787,8435,268,1,252,8686,8432,1,0.0,13989
TRINITY_DN56_c0_g1_i14,MT636340.1,88.462,52,6,0,8442,8493,76,25,2.58e-05,68.0
TRINITY_DN56_c0_g1_i14,MT636340.1,88.462,52,6,0,8611,8662,245,194,2.58e-05,68.0
TRINITY_DN56_c0_g1_i14,MT482475.1,94.760,8473,444,0,220,8692,8488,16,0.0,13279
TRINITY_DN56_c0_g1_i14,MT482475.1,88.462,52,6,0,8611,8662,266,215,2.58e-05,68.0
TRINITY_DN56_c0_g1_i14,MT482475.1,86.538,52,7,0,8442,8493,97,46,0.001,63.5
TRINITY_DN56_c0_g1_i14,MT482476.1,94.484,8412,464,0,238,8649,8412,1,0.0,13079
TRINITY_DN56_c0_g1_i14,MT482476.1,88.462,52,6,0,8611,8662,208,157,2.58e-05,68.0
TRINITY_DN56_c0_g1_i14,MZ821802.1,93.662,8457,535,1,233,8688,8457,1,0.0,12835
TRINITY_DN56_c0_g1_i14,MZ821802.1,88.462,52,6,0,8442,8493,78,27,2.58e-05,68.0
TRINITY_DN56_c0_g1_i14,MZ821802.1,88.462,52,6,0,8611,8662,247,196,2.58e-05,68.0
TRINITY_DN56_c0_g1_i14,KY243932.1,92.726,8524,531,13,236,8693,8511,11,0.0,12599
TRINITY_DN56_c0_g1_i14,KY243932.1,92.857,56,4,0,7514,7569,1178,1233,3.35e-10,84.2
TRINITY_DN56_c0_g1_i14,KY243932.1,88.462,52,6,0,8442,8493,93,42,2.58e-05,68.0
TRINITY_DN56_c0_g1_i14,KY243932.1,88.462,52,6,0,8611,8662,262,211,2.58e-05,68.0
TRINITY_DN56_c0_g1_i14,MT096521.1,92.960,8438,591,1,256,8693,8436,2,0.0,12538
TRINITY_DN56_c0_g1_i14,MT096521.1,88.462,52,6,0,8442,8493,84,33,2.58e-05,68.0
TRINITY_DN56_c0_g1_i14,MT096521.1,88.462,52,6,0,8611,8662,253,202,2.58e-05,68.0
TRINITY_DN56_c0_g1_i14,MW390818.1,92.230,8430,655,0,217,8646,8430,1,0.0,12375
TRINITY_DN56_c0_g1_i14,MW390818.1,88.462,52,6,0,8611,8662,205,154,2.58e-05,68.0
TRINITY_DN56_c0_g1_i14,OL803818.1,92.135,8468,664,2,226,8692,8467,1,0.0,12262
TRINITY_DN56_c0_g1_i14,OL803818.1,88.462,52,6,0,8442,8493,82,31,2.58e-05,68.0
TRINITY_DN56_c0_g1_i14,OL803818.1,86.538,52,7,0,8611,8662,251,200,0.001,63.5
TRINITY_DN56_c0_g1_i14,MN565034.1,91.973,8459,678,1,236,8693,8464,6,0.0,12214
TRINITY_DN56_c0_g1_i14,MN565034.1,88.462,52,6,0,8611,8662,257,206,2.58e-05,68.0
TRINITY_DN56_c0_g1_i14,MN565034.1,80.769,52,10,0,8442,8493,88,37,0.047,57.2
TRINITY_DN56_c0_g1_i14,MT416539.1,91.890,8459,684,2,236,8693,8458,1,0.0,12155
TRINITY_DN56_c0_g1_i14,MT416539.1,88.462,52,6,0,8442,8493,83,32,2.58e-05,68.0
TRINITY_DN56_c0_g1_i14,MT416539.1,88.462,52,6,0,8611,8662,252,201,2.58e-05,68.0
TRINITY_DN56_c0_g1_i14,MZ821810.1,91.707,8453,699,2,239,8690,8452,1,0.0,12077
TRINITY_DN56_c0_g1_i14,MZ821810.1,88.462,52,6,0,8442,8493,80,29,2.58e-05,68.0
TRINITY_DN56_c0_g1_i14,MZ821810.1,86.538,52,7,0,8611,8662,249,198,0.001,63.5
TRINITY_DN56_c0_g1_i14,MZ821809.1,91.640,8457,705,2,233,8688,8456,1,0.0,12057
TRINITY_DN56_c0_g1_i14,MZ821809.1,88.462,52,6,0,8442,8493,78,27,2.58e-05,68.0
TRINITY_DN56_c0_g1_i14,MZ821809.1,88.462,52,6,0,8611,8662,247,196,2.58e-05,68.0
TRINITY_DN56_c0_g1_i14,MZ821814.1,91.627,8456,706,2,234,8688,8455,1,0.0,12051
TRINITY_DN56_c0_g1_i14,MZ821814.1,88.462,52,6,0,8442,8493,78,27,2.58e-05,68.0
TRINITY_DN56_c0_g1_i14,MZ821814.1,88.462,52,6,0,8611,8662,247,196,2.58e-05,68.0
TRINITY_DN56_c0_g1_i14,MZ821803.1,91.527,8450,714,2,240,8688,8449,1,0.0,12013
TRINITY_DN56_c0_g1_i14,MZ821803.1,88.462,52,6,0,8442,8493,78,27,2.58e-05,68.0
TRINITY_DN56_c0_g1_i14,MZ821803.1,86.538,52,7,0,8611,8662,247,196,0.001,63.5
TRINITY_DN56_c0_g1_i14,KY741959.1,91.565,8441,710,2,236,8675,8440,1,0.0,12006
TRINITY_DN56_c0_g1_i14,KY741959.1,88.462,52,6,0,8442,8493,65,14,2.58e-05,68.0
TRINITY_DN56_c0_g1_i14,KY741959.1,88.462,52,6,0,8611,8662,234,183,2.58e-05,68.0
TRINITY_DN56_c0_g1_i14,MZ821815.1,91.513,8460,714,4,234,8691,8458,1,0.0,12006
TRINITY_DN56_c0_g1_i14,MZ821815.1,88.462,52,6,0,8442,8493,81,30,2.58e-05,68.0
TRINITY_DN56_c0_g1_i14,MZ821815.1,88.462,52,6,0,8611,8662,250,199,2.58e-05,68.0
TRINITY_DN56_c0_g1_i14,MZ821807.1,91.492,8451,717,2,239,8688,8450,1,0.0,11992
TRINITY_DN56_c0_g1_i14,MZ821807.1,88.462,52,6,0,8442,8493,78,27,2.58e-05,68.0
TRINITY_DN56_c0_g1_i14,MZ821807.1,88.462,52,6,0,8611,8662,247,196,2.58e-05,68.0
TRINITY_DN56_c0_g1_i14,MZ821808.1,91.433,8451,722,2,239,8688,8450,1,0.0,11972
TRINITY_DN56_c0_g1_i14,MZ821808.1,88.462,52,6,0,8442,8493,78,27,2.58e-05,68.0
TRINITY_DN56_c0_g1_i14,MZ821808.1,88.462,52,6,0,8611,8662,247,196,2.58e-05,68.0
TRINITY_DN56_c0_g1_i14,MZ821811.1,91.296,8456,734,2,234,8688,8455,1,0.0,11925
TRINITY_DN56_c0_g1_i14,MZ821811.1,88.462,52,6,0,8442,8493,78,27,2.58e-05,68.0
TRINITY_DN56_c0_g1_i14,MZ821811.1,88.462,52,6,0,8611,8662,247,196,2.58e-05,68.0
TRINITY_DN56_c0_g1_i14,MZ821813.1,91.252,8459,738,2,236,8693,8458,1,0.0,11912
TRINITY_DN56_c0_g1_i14,MZ821813.1,88.462,52,6,0,8611,8662,252,201,2.58e-05,68.0
TRINITY_DN56_c0_g1_i14,MZ821813.1,86.538,52,7,0,8442,8493,83,32,0.001,63.5
TRINITY_DN56_c0_g1_i14,MZ821816.1,91.239,8458,739,2,234,8690,8457,1,0.0,11906
TRINITY_DN56_c0_g1_i14,MZ821816.1,88.462,52,6,0,8442,8493,80,29,2.58e-05,68.0
TRINITY_DN56_c0_g1_i14,MZ821816.1,88.462,52,6,0,8611,8662,249,198,2.58e-05,68.0
TRINITY_DN56_c0_g1_i14,MZ821812.1,91.259,8454,737,2,237,8689,8453,1,0.0,11908
TRINITY_DN56_c0_g1_i14,MZ821812.1,88.462,52,6,0,8442,8493,79,28,2.58e-05,68.0
TRINITY_DN56_c0_g1_i14,MZ821812.1,88.462,52,6,0,8611,8662,248,197,2.58e-05,68.0
TRINITY_DN56_c0_g1_i14,MZ821804.1,91.189,8455,743,2,236,8689,8454,1,0.0,11897
TRINITY_DN56_c0_g1_i14,MZ821804.1,88.462,52,6,0,8442,8493,79,28,2.58e-05,68.0
TRINITY_DN56_c0_g1_i14,MZ821804.1,88.462,52,6,0,8611,8662,248,197,2.58e-05,68.0
TRINITY_DN56_c0_g1_i14,MZ821806.1,91.255,8451,737,2,239,8688,8450,1,0.0,11904
TRINITY_DN56_c0_g1_i14,MZ821806.1,88.462,52,6,0,8442,8493,78,27,2.58e-05,68.0
TRINITY_DN56_c0_g1_i14,MZ821806.1,88.462,52,6,0,8611,8662,247,196,2.58e-05,68.0
TRINITY_DN56_c0_g1_i14,MZ821805.1,91.197,8452,741,3,236,8685,8451,1,0.0,11878
TRINITY_DN56_c0_g1_i14,MZ821805.1,88.462,52,6,0,8611,8662,245,194,2.58e-05,68.0
TRINITY_DN56_c0_g1_i14,MZ821805.1,86.792,53,6,1,8442,8493,76,24,0.004,61.7
TRINITY_DN56_c0_g1_i14,EF517515.1,91.746,8335,687,1,317,8650,8335,1,0.0,11926
TRINITY_DN56_c0_g1_i14,EF517515.1,88.462,52,6,0,8611,8662,209,158,2.58e-05,68.0
TRINITY_DN56_c0_g1_i14,MT559307.1,91.162,8441,744,2,236,8675,8440,1,0.0,11853
TRINITY_DN56_c0_g1_i14,MT559307.1,88.462,52,6,0,8442,8493,65,14,2.58e-05,68.0
TRINITY_DN56_c0_g1_i14,MT559307.1,88.462,52,6,0,8611,8662,234,183,2.58e-05,68.0
TRINITY_DN56_c0_g1_i14,MZ821800.1,91.025,8457,757,2,233,8688,8456,1,0.0,11823
TRINITY_DN56_c0_g1_i14,MZ821800.1,88.462,52,6,0,8442,8493,78,27,2.58e-05,68.0
TRINITY_DN56_c0_g1_i14,MZ821800.1,88.462,52,6,0,8611,8662,247,196,2.58e-05,68.0
TRINITY_DN56_c0_g1_i14,KP119603.1,91.442,8355,711,4,236,8588,8358,6,0.0,11830
TRINITY_DN56_c0_g1_i14,KP119603.1,88.462,52,6,0,8611,8662,151,100,2.58e-05,68.0
TRINITY_DN56_c0_g1_i14,MZ821801.1,91.432,8345,711,4,239,8581,8343,1,0.0,11814
TRINITY_DN56_c0_g1_i14,MZ821801.1,88.462,52,6,0,8611,8662,140,89,2.58e-05,68.0
TRINITY_DN56_c0_g1_i14,MF623171.1,90.926,8453,764,1,236,8688,8450,1,0.0,11785
TRINITY_DN56_c0_g1_i14,MF623171.1,88.462,52,6,0,8442,8493,78,27,2.58e-05,68.0
TRINITY_DN56_c0_g1_i14,MF623171.1,88.462,52,6,0,8611,8662,247,196,2.58e-05,68.0
TRINITY_DN56_c0_g1_i14,JX149531.1,90.777,8392,769,5,248,8635,8392,2,0.0,11627
TRINITY_DN56_c0_g1_i14,JX149531.1,88.462,52,6,0,8611,8662,195,144,2.58e-05,68.0
TRINITY_DN56_c0_g1_i14,MW397638.1,89.969,8464,845,4,225,8686,8462,1,0.0,11422
TRINITY_DN56_c0_g1_i14,MW397638.1,88.462,52,6,0,8442,8493,76,25,2.58e-05,68.0
TRINITY_DN56_c0_g1_i14,MW397638.1,88.462,52,6,0,8611,8662,245,194,2.58e-05,68.0
TRINITY_DN56_c0_g1_i14,EF517521.1,89.933,8304,830,4,352,8652,8301,1,0.0,11194
TRINITY_DN56_c0_g1_i14,EF517521.1,86.538,52,7,0,8611,8662,210,159,0.001,63.5
TRINITY_DN56_c0_g1_i14,EF517520.1,89.652,8301,853,4,355,8652,8298,1,0.0,11085
TRINITY_DN56_c0_g1_i14,EF517520.1,90.385,52,5,0,8611,8662,210,159,2.12e-06,72.5
TRINITY_DN56_c0_g1_i14,EF517519.1,88.773,8337,929,5,319,8652,8333,1,0.0,10799
TRINITY_DN56_c0_g1_i14,EF517519.1,90.385,52,5,0,8611,8662,210,159,2.12e-06,72.5
TRINITY_DN56_c0_g1_i14,MG799370.1,87.518,8348,966,11,253,8594,8278,1,0.0,10376
TRINITY_DN56_c0_g1_i14,MG799370.1,94.444,36,2,0,8627,8662,137,102,0.047,57.2
TRINITY_DN56_c0_g1_i14,KY465685.1,90.370,6885,661,2,236,7119,6884,1,0.0,9421
TRINITY_DN56_c0_g1_i14,KY465684.1,90.225,6885,671,2,236,7119,6884,1,0.0,9376
TRINITY_DN56_c0_g1_i14,KY465683.1,90.123,6885,678,2,236,7119,6884,1,0.0,9344
TRINITY_DN56_c0_g1_i14,AF183905.1,88.241,7322,857,4,236,7554,8550,1230,0.0,9309
TRINITY_DN56_c0_g1_i14,AF183905.1,88.861,1176,111,6,7534,8693,1182,11,0.0,1522
TRINITY_DN56_c0_g1_i14,AF183905.1,88.462,52,6,0,8442,8493,93,42,2.58e-05,68.0
TRINITY_DN56_c0_g1_i14,AF183905.1,88.462,52,6,0,8611,8662,262,211,2.58e-05,68.0
TRINITY_DN56_c0_g1_i14,KY465680.1,89.296,6885,732,4,236,7119,6881,1,0.0,9081
TRINITY_DN56_c0_g1_i14,KY465686.1,88.962,6885,758,2,236,7119,6884,1,0.0,8983
TRINITY_DN56_c0_g1_i14,KY465682.1,88.918,6885,761,2,236,7119,6884,1,0.0,8970
TRINITY_DN56_c0_g1_i14,KY465681.1,88.526,6885,782,5,236,7119,6878,1,0.0,8840
TRINITY_DN56_c0_g1_i14,KY465688.1,91.514,5421,458,2,236,5655,5420,1,0.0,7696
TRINITY_DN56_c0_g1_i14,KY465687.1,89.784,5472,557,2,236,5706,5471,1,0.0,7341
TRINITY_DN56_c0_g1_i14,KY363519.1,95.436,2651,121,0,381,3031,2651,1,0.0,4236
TRINITY_DN56_c0_g1_i14,EF517505.1,91.841,2586,210,1,6060,8645,2585,1,0.0,3709
TRINITY_DN56_c0_g1_i14,EF517505.1,92.462,398,30,0,1794,2191,6852,6455,1.42e-160,583
TRINITY_DN56_c0_g1_i14,EF517505.1,88.462,52,6,0,8611,8662,204,153,2.58e-05,68.0
TRINITY_DN56_c0_g1_i14,AY626246.1,96.426,1231,44,0,236,1466,1231,1,0.0,2022
TRINITY_DN56_c0_g1_i14,MG737462.1,88.754,1156,130,0,3454,4609,1156,1,0.0,1499
TRINITY_DN56_c0_g1_i14,MG737461.1,88.097,1151,137,0,3413,4563,1153,3,0.0,1460
TRINITY_DN56_c0_g1_i14,MG737463.1,88.973,1052,116,0,3525,4576,1052,1,0.0,1375
TRINITY_DN56_c0_g1_i14,KP271981.1,93.939,891,54,0,3364,4254,891,1,0.0,1364
TRINITY_DN56_c0_g1_i14,MG737455.1,91.513,919,78,0,3617,4535,919,1,0.0,1306
TRINITY_DN56_c0_g1_i14,MG737458.1,89.126,984,107,0,3620,4603,984,1,0.0,1293
TRINITY_DN56_c0_g1_i14,AF125252.1,94.479,815,45,0,5669,6483,815,1,0.0,1268
TRINITY_DN56_c0_g1_i14,MN902109.1,99.573,702,3,0,236,937,702,1,0.0,1253
TRINITY_DN56_c0_g1_i14,MN902103.1,99.573,702,3,0,236,937,702,1,0.0,1253
TRINITY_DN56_c0_g1_i14,MN902107.1,99.430,702,4,0,236,937,702,1,0.0,1251
TRINITY_DN56_c0_g1_i14,MN902106.1,99.431,703,4,0,236,938,703,1,0.0,1251
TRINITY_DN56_c0_g1_i14,MN902105.1,99.430,702,4,0,236,937,702,1,0.0,1251
TRINITY_DN56_c0_g1_i14,MN902100.1,99.430,702,4,0,236,937,702,1,0.0,1251
TRINITY_DN56_c0_g1_i14,MN902104.1,99.430,702,4,0,236,937,702,1,0.0,1249
TRINITY_DN56_c0_g1_i14,MN902108.1,99.289,703,5,0,236,938,703,1,0.0,1248
TRINITY_DN56_c0_g1_i14,JN185928.1,98.859,701,8,0,236,936,701,1,0.0,1229
TRINITY_DN56_c0_g1_i14,HQ655460.1,99.563,687,3,0,238,924,687,1,0.0,1226
TRINITY_DN56_c0_g1_i14,JN185930.1,98.716,701,9,0,236,936,701,1,0.0,1224
TRINITY_DN56_c0_g1_i14,HQ655459.1,99.418,687,4,0,238,924,687,1,0.0,1222
TRINITY_DN56_c0_g1_i14,HQ655458.1,99.418,687,4,0,238,924,687,1,0.0,1222
TRINITY_DN56_c0_g1_i14,KR074231.1,93.548,806,52,0,1475,2280,806,1,0.0,1220
TRINITY_DN56_c0_g1_i14,JX679490.1,98.573,701,10,0,236,936,701,1,0.0,1220
TRINITY_DN56_c0_g1_i14,JN185929.1,98.573,701,10,0,236,936,701,1,0.0,1220
TRINITY_DN56_c0_g1_i14,JN185926.1,98.573,701,10,0,236,936,701,1,0.0,1220
TRINITY_DN56_c0_g1_i14,MN902102.1,99.560,682,3,0,245,926,682,1,0.0,1219
TRINITY_DN56_c0_g1_i14,EU375535.1,98.435,703,11,0,234,936,703,1,0.0,1219
TRINITY_DN56_c0_g1_i14,KP730024.1,98.571,700,10,0,237,936,700,1,0.0,1218
TRINITY_DN56_c0_g1_i14,KP730033.1,98.569,699,10,0,239,937,699,1,0.0,1216
TRINITY_DN56_c0_g1_i14,JX679493.1,98.431,701,11,0,236,936,701,1,0.0,1215
TRINITY_DN56_c0_g1_i14,EU770973.1,98.431,701,11,0,236,936,701,1,0.0,1215
TRINITY_DN56_c0_g1_i14,EF639830.1,98.431,701,11,0,236,936,701,1,0.0,1215
TRINITY_DN56_c0_g1_i14,KP730008.1,98.429,700,11,0,237,936,700,1,0.0,1214
TRINITY_DN56_c0_g1_i14,KM255693.1,98.288,701,12,0,236,936,701,1,0.0,1211
TRINITY_DN56_c0_g1_i14,JX679491.1,98.288,701,12,0,236,936,701,1,0.0,1211
TRINITY_DN56_c0_g1_i14,JN185932.1,98.288,701,12,0,236,936,701,1,0.0,1211
TRINITY_DN666_c0_g1_i1,MH267693.1,94.410,483,27,0,1,483,1447,965,0.0,750
TRINITY_DN666_c0_g1_i1,MH267694.1,94.410,483,27,0,1,483,1461,979,0.0,750
TRINITY_DN666_c0_g1_i1,MT636341.1,94.203,483,28,0,1,483,1447,965,0.0,746
TRINITY_DN666_c0_g1_i1,MT636339.1,94.203,483,28,0,1,483,1447,965,0.0,746
TRINITY_DN666_c0_g1_i1,MT636342.1,94.203,483,28,0,1,483,1447,965,0.0,746
TRINITY_DN666_c0_g1_i1,MT636343.1,94.203,483,28,0,1,483,1447,965,0.0,746
TRINITY_DN666_c0_g1_i1,MT636345.1,94.203,483,28,0,1,483,1447,965,0.0,746
TRINITY_DN666_c0_g1_i1,MT636338.1,94.203,483,28,0,1,483,1447,965,0.0,746
TRINITY_DN666_c0_g1_i1,MT636337.1,94.203,483,28,0,1,483,1447,965,0.0,746
TRINITY_DN666_c0_g1_i1,MT636344.1,94.410,483,27,0,1,483,1447,965,0.0,750
TRINITY_DN666_c0_g1_i1,MT636346.1,93.996,483,29,0,1,483,1447,965,0.0,741
TRINITY_DN666_c0_g1_i1,MT636340.1,94.203,483,28,0,1,483,1447,965,0.0,746
TRINITY_DN666_c0_g1_i1,MT482475.1,93.168,483,33,0,1,483,1468,986,0.0,723
TRINITY_DN666_c0_g1_i1,MT482476.1,92.754,483,35,0,1,483,1410,928,0.0,714
TRINITY_DN666_c0_g1_i1,MZ821802.1,93.168,483,33,0,1,483,1449,967,0.0,723
TRINITY_DN666_c0_g1_i1,KY243932.1,82.642,530,44,3,2,483,1523,994,4.59e-158,572
TRINITY_DN666_c0_g1_i1,KY243932.1,91.935,62,5,0,274,335,1177,1238,4.05e-13,90.6
TRINITY_DN666_c0_g1_i1,MT096521.1,93.789,483,30,0,1,483,1455,973,0.0,737
TRINITY_DN666_c0_g1_i1,MW390818.1,92.340,483,37,0,1,483,1407,925,0.0,714
TRINITY_DN666_c0_g1_i1,OL803818.1,93.789,483,30,0,1,483,1452,970,0.0,737
TRINITY_DN666_c0_g1_i1,MN565034.1,91.511,483,41,0,1,483,1459,977,0.0,687
TRINITY_DN666_c0_g1_i1,MT416539.1,92.547,483,36,0,1,483,1454,972,0.0,710
TRINITY_DN666_c0_g1_i1,MZ821810.1,89.648,483,50,0,1,483,1450,968,0.0,646
TRINITY_DN666_c0_g1_i1,MZ821809.1,90.062,483,48,0,1,483,1448,966,0.0,655
TRINITY_DN666_c0_g1_i1,MZ821814.1,90.062,483,48,0,1,483,1448,966,0.0,655
TRINITY_DN666_c0_g1_i1,MZ821803.1,89.441,483,51,0,1,483,1448,966,3.09e-179,642
TRINITY_DN666_c0_g1_i1,KY741959.1,89.648,483,50,0,1,483,1435,953,0.0,646
TRINITY_DN666_c0_g1_i1,MZ821815.1,89.648,483,50,0,1,483,1451,969,0.0,646
TRINITY_DN666_c0_g1_i1,MZ821807.1,89.648,483,50,0,1,483,1448,966,0.0,646
TRINITY_DN666_c0_g1_i1,MZ821808.1,89.441,483,51,0,1,483,1448,966,3.09e-179,642
TRINITY_DN666_c0_g1_i1,MZ821811.1,89.441,483,51,0,1,483,1448,966,3.09e-179,642
TRINITY_DN666_c0_g1_i1,MZ821813.1,90.476,483,46,0,1,483,1453,971,0.0,664
TRINITY_DN666_c0_g1_i1,MZ821816.1,90.062,483,48,0,1,483,1450,968,0.0,655
TRINITY_DN666_c0_g1_i1,MZ821812.1,89.027,483,53,0,1,483,1449,967,1.60e-176,633
TRINITY_DN666_c0_g1_i1,MZ821804.1,89.648,483,50,0,1,483,1449,967,0.0,646
TRINITY_DN666_c0_g1_i1,MZ821806.1,89.855,483,49,0,1,483,1448,966,0.0,651
TRINITY_DN666_c0_g1_i1,MZ821805.1,90.062,483,48,0,1,483,1446,964,0.0,655
TRINITY_DN666_c0_g1_i1,EF517515.1,92.754,483,35,0,1,483,1411,929,0.0,714
TRINITY_DN666_c0_g1_i1,MT559307.1,90.476,483,46,0,1,483,1435,953,0.0,664
TRINITY_DN666_c0_g1_i1,MZ821800.1,89.441,483,51,0,1,483,1448,966,3.09e-179,642
TRINITY_DN666_c0_g1_i1,KP119603.1,89.855,483,49,0,1,483,1352,870,0.0,651
TRINITY_DN666_c0_g1_i1,MZ821801.1,89.648,483,50,0,1,483,1341,859,0.0,646
TRINITY_DN666_c0_g1_i1,MF623171.1,89.004,482,53,0,2,483,1448,967,5.59e-176,631
TRINITY_DN666_c0_g1_i1,JX149531.1,91.925,483,39,0,1,483,1397,915,0.0,696
TRINITY_DN666_c0_g1_i1,MW397638.1,83.851,483,78,0,1,483,1447,965,7.28e-143,520
TRINITY_DN666_c0_g1_i1,EF517521.1,92.133,483,38,0,1,483,1412,930,0.0,700
TRINITY_DN666_c0_g1_i1,EF517520.1,89.648,483,50,0,1,483,1412,930,0.0,646
TRINITY_DN666_c0_g1_i1,EF517519.1,82.365,482,85,0,2,483,1410,929,1.50e-132,487
TRINITY_DN666_c0_g1_i1,MG799370.1,86.008,486,65,1,1,483,1357,872,1.60e-157,569
TRINITY_DN666_c0_g1_i1,AF183905.1,81.270,315,58,1,2,315,1544,1230,4.31e-76,299
TRINITY_DN666_c0_g1_i1,AF183905.1,86.772,189,25,0,295,483,1182,994,6.41e-55,229
TRINITY_DN666_c0_g1_i1,AF183905.1,87.931,58,7,0,274,331,1177,1234,3.11e-08,74.3
TRINITY_DN666_c0_g1_i1,EF517505.1,92.133,483,38,0,1,483,1405,923,0.0,700


